District,Name,Rank,Rating,Must Order,Drink,Price,Note,Taste,Tags,Maps Link
Kennedy Town,Little Cove Espresso,1,5,Almond & Pistachio Croissant + Latte,Latte,32 / 40,Would go again,,,
Kennedy Town,Blend & Grind,2,4.5,Acai Bowl + Latte,Latte,154 (lunch set),Would go again,,,
Kennedy Town,% Arabica,3,4.5,Kyoto Latte,Latte,55,Small sitting place,,small-space,
Kennedy Town,Creo by Brentwood,,4,Oat Latte + Bagel & Egg,Latte,103 (set),"Coffee okay, normal bagel and egg you would expect",,,
Kennedy Town,tgif,,4,Oat Latte (Nut Blend),Latte,45,"Latte okay, but the beans aren't my fav. Really spacious, good to work at",nutty,work-friendly,
Kennedy Town,Winstons Coffee,,3.7,Latte,Latte,42,Too milky for my taste,milky,,
Repulse Bay,Café Parabolica,,3.7,Oat Milk Latte,Latte,50,"Coffee okay, but not worth the trip",,,
Sheung Wan,Halfway Coffee,1,5,Oat Milk Latte,Latte,45,"Super good coffee and super cute vibes, too small to work at",,small-space;cute,
Sheung Wan,Lazy Sunday,2,4.5,Espresso Tonic,Espresso Tonic,50,"Love their nutty blend! I can actually taste the hint of chocolate, and there's decent volume",nutty;chocolatey,,
Sheung Wan,Espresso Remedy,3,4.5,Espresso Tonic,Espresso Tonic,55,Really good! No place to sit but a great takeaway option,,takeaway-only,
Sheung Wan,Barista Jam,,4.5,Espresso Tonic,Espresso Tonic,58,Really good! There's space to sit but super small,,small-space,
Sheung Wan,Elephant Grounds,,4,Peach Pancake + Cold Brew,Other,,"Cozy vibes, will go back to do work",,work-friendly;cozy,
Sheung Wan,Hub Coffee Roasters,,3.9,Flat White,Flat White,42,"Drink is pretty good and strong, and there's enough space to work",strong,work-friendly,
Sheung Wan,Cupping Room,,3.7,Flat White,Flat White,42,"Coffee not my style but cute ambiance, no ports",,cute;no-ports,
Sheung Wan,The Station,,3.7,Latte,Latte,45,"Latte quite meh, vibes not great",,,
Sheung Wan,Meanwhile Coffee,,3.7,Flat White,Flat White,45,"The flat white is good but a little milky, the space is cozy and small",milky,small-space;cozy,
Sheung Wan,Detour,,3.5,Oat Flat White,Flat White,44,"First sip was okay, afterwards quite meh",,,
Sheung Wan,Gwee,,3.5,Latte,Latte,45,Nothing special for both drink and vibes,,,
Sheung Wan,Purna,,3,Matcha Latte,Matcha,48,"Drink okay, vibes okay, the chairs are uncomfy for long periods",,,
Wan Chai,KLF Coffee,1,5,Flat White,Flat White,28,"Very good, very cheap",,cheap,
Wan Chai,Project C,2,4.5,Iced Flat White,Flat White,45,"Iced flat white very good, but no sitting area",,takeaway-only,
Wan Chai,Elephant Grounds,3,4.2,Latte + Fig Toast,Latte,,"Latte very good, place too small",,small-space,
Wan Chai,Crew Coffee,,4.5,Flat White,Flat White,,"Not that good, small portion",,small-portion,
Wan Chai,Kaori,,4.1,Americano,Americano,29,"Solid, the beans are good and it's cheap, so a very good option",,cheap,
Wan Chai,Dimanche,,4,Iced Latte,Latte,40,"Very good, but no sitting area",,,
Wan Chai,Grandma's Coffee,,4,Americano,Americano,45,"Pretty solid, but the nutty beans aren't my favourite",nutty,,
Wan Chai,Artista Prefetto,,3.7,Flat White,Flat White,40,Not bad but nothing special,,,
Wan Chai,APT,,3.7,Matcha Latte,Matcha,53,"Very milky matcha latte, good vibes though",milky,cute,
Wan Chai,Mansons Lot,,3.7,Flat White,Flat White,45,"Too milky for a flat white, also the portions are too small",milky,small-portion,
Wan Chai,Sleepy Head,,3.5,Iced Latte,Latte,,Too milky and the coffee beans aren't my taste,milky,,
Wan Chai,Noda Coffee,,3.5,Matcha Latte,Matcha,55,"Nothing special, a little steep price for matcha",,pricey,
Wan Chai,Sipper Coffee,,2,Coffee Tonic,Espresso Tonic,55,"Place too small, possibly ordered the wrong thing but it was so bad",,small-space,
Central,Zero Sense Coffee,1,4.5,Flat White,Flat White,42,"Coffee very good, but the space is so small",,small-space,
Central,Hjem,2,4,Iced Latte,Latte,48,"Good coffee, very strong, cozy space",strong,cozy,
Central,Moonary,3,4,Espresso Tonic,Espresso Tonic,58,"The espresso tonic is good, but the volume is so small",,small-portion,
Central,Between Coffee,,4,Latte,Latte,50,"Good latte, so hard to find :)",,closed,
Central,Hazel & Hershey,,3.75,Flat White,Flat White,45,"Flat white good but nothing special, vibes pretty nice though",,cute,
Central,Barista by Givres,,3.7,Flat White,Flat White,30,"For the price really solid, would go back if I'm in the area",,cheap,
Central,First Crack Coffee,,3.7,Yuzu Espresso Tonic,Espresso Tonic,60,"It's okay, like a normal espresso tonic",,,
Central,Omotesando Koffee,,3.5,Latte,Latte,55,"It's okay, nothing special and a little pricey",,pricey,
Central,Nook,,3.5,Flat White,Flat White,42,"The first taste is okay, but afterwards the bean flavour is too roasted for me",roasty,,
Central,Haus Coffee Club,,3.5,Haus Coffee,Other,60,"A little oily and too much cream, but the coffee itself is good",milky,,
Admiralty,Sourdough,1,4.5,Italian Sandwich + Latte,Latte,100,"Good value for the price, latte okay",,cheap,
Admiralty,Bow Coffee,2,4,Oat Latte,Latte,45,"Latte okay, nice vibes to work at",,work-friendly,
Admiralty,Soft Thunder,3,4,Orange Espresso,Other,42,"The place is spacious, the coffee was really yum, not too strong though",smooth,,
Admiralty,Sleepy Head,,3,Latte,Latte,45,"Too milky, the beans aren't my fav",milky,,
Admiralty,Crew Coffee,,2,Flat White,Flat White,45,"Too milky, size too small",milky,small-portion,
Causeway Bay,Hypebeans,1,5,Espresso Tonic,Espresso Tonic,60,"Really nice and refreshing, a bit on the pricier side though",,pricey,
Causeway Bay,Ninety's Roastery,2,4.7,Oat White (or the Espresso Tonic),Flat White,35,Cheaper if you pay with cash. The espresso tonic is SO GOOD and only $48,,cheap,
Causeway Bay,NOC,3,4.5,Iced Oat White,Flat White,51,Very smooth,smooth,,
Causeway Bay,Urban Roasters,,4,Flat White,Flat White,,The coffee is good (don't come on weekends),,,
Causeway Bay,Hogan Coffee,,4,Flat White,Flat White,40,"Pretty strong, the space is a little small and hard to find",strong,small-space,
Causeway Bay,SINBAD Coffee Roasters,,3.7,Flat White,Flat White,40,"Good balance, not too strong and not too milky, but I wouldn't go all the way here",smooth,,
Causeway Bay,Caflex,,3.7,Flat White,Flat White,48,"Okay, nothing too special (it was +$8 for the fruity beans, should've got the normal one)",fruity,,
Causeway Bay,BLTN,,3.7,Spanish Latte,Latte,48,"Nothing special, also really pricey for one small cup",,pricey;small-portion,
Causeway Bay,Cloudnine Coffee,,3.5,Flat White,Flat White,40,Too bitter for my taste,roasty;strong,,
Causeway Bay,Pedestrian Coffee,,3.5,Flat White,Flat White,40,"A little milky but good, small space and only accepts Octopus/cash",milky,cash-only;small-space,
North Point,Dozy,1,4.7,Espresso Tonic,Espresso Tonic,60,"Really good, really cozy place",,cozy,
North Point,Kindly Tails,2,4.7,Strawberry Matcha,Matcha,55,"Love the matcha, cute place too, but not suitable to work in",,cute,
North Point,Studio Caffeine,3,4,Flat White,Flat White,45,"Good flat white, cozy place",,cozy,
Fortress Hill,Smoko,1,5,Espresso Tonic,Espresso Tonic,50,Super good and worth the money,,cheap,
Fortress Hill,Coffee Obsession,2,4,Espresso Tonic,Espresso Tonic,55,"Actually really good, but the portion is very small :(",,small-portion,
Fortress Hill,Uncle Ben,,3.7,Iced Latte,Latte,43,"Didn't really like the bean, maybe another option would be better",,,
Tin Hau,First Place Coffee,1,4,Flat White + Pecan Pie,Flat White,43 / 54,Pretty solid coffee and cozy space,,cozy,
Taikoo,Blooms Coffee,1,5,Espresso Tonic,Espresso Tonic,54,"Super good value, really worth it",,cheap,
Taikoo,Coco Espresso,2,4.5,Oat Flat White,Flat White,45,"Really good but takeaway only, no extra charge for oat milk",,takeaway-only,
Taikoo,Make It Simple,,3.7,Espresso Tonic,Espresso Tonic,55,"The beans are good, but I don't like the tonic water they use",,,
Sai Ying Pun,Fine Print (South Lane),1,4.5,Oat Flat White,Flat White,35,"Flat white very good, very cheap. No ports though, charge before going",,cheap;no-ports,
Sai Ying Pun,Wako2ffee House,2,4.5,Americano,Americano,38,"The americano is pretty nice, the beans are light and not sour",smooth,,
Sai Ying Pun,Winstons Coffee,3,4.5,Espresso Tonic,Espresso Tonic,55,"Espresso tonic really good, the oat flat white ($49) is pretty solid too",,,
Sai Ying Pun,Two-and-a-Half Street,,4.2,Flat White,Flat White,40,"A little milky for me, but definitely one of the better flat whites in HK. The vibes are so nice and the food is sooo good! Value for money",milky,cozy,
Sai Ying Pun,NOC,,4.1,Flat White + Golden Sando,Flat White,42 / 78,Nice vibe that boosts productivity. Maybe don't come on holidays,,work-friendly,
Sai Ying Pun,Rootdown,,4,Espresso Tonic,Espresso Tonic,60,Good espresso tonic but nothing special,,,
Sai Ying Pun,Coffee by Zion,,3.8,Eggs Benedict + Americano with Oat Creamer,Americano,128,"Food okay, coffee okay. There's a time limit, so probably can't work there",,time-limit,
Sai Ying Pun,Moojoo Café,,3.7,Oat Latte,Latte,41,"The vibes are nice, but the coffee beans aren't my taste",,cute,
Sai Ying Pun,Fikafabriken,,3.7,Oat Flat White,Flat White,86 (with muffin),"Cozy vibes, the coffee is nice and comes with a cookie. The choco muffin not so good",,cozy,
Sai Ying Pun,Dear Neighbor Coffee,,3.5,Espresso Tonic,Espresso Tonic,56,Didn't like the beans and the espresso tonic is very diluted,weak,,
Sai Ying Pun,Books & Co,,3,Latte + Cheesecake,Latte,90,"The cheesecake is super good and light, but the coffee isn't the best",,,
Sai Ying Pun,Coffee and Laundry,,3,Flat White,Flat White,45,"Closer to a latte than a flat white, the bean itself is just okay. Cute concept though",milky,cute,
Mong Kok,Lungo,1,5,Espresso Tonic,Espresso Tonic,55,"Love this place, it's cozy and the espresso tonic slaps",,cozy,
Mong Kok,Minamoto,2,4.5,Espresso Tonic,Espresso Tonic,60,Cute place and the espresso tonic hits,,cute,
Tsim Sha Tsui,Elephant Grounds,1,4,Oat Latte + Taco Rice,Latte,,"The place is good, the food portion is smaller than expected",,,
Tsim Sha Tsui,Ukiyo,2,3.7,Mochi Waffle + Latte,Latte,168 / 50,"The mochi is good, but too pricey given the quality",,pricey,
Tsim Sha Tsui,N1 Coffee,,3.5,Mocha,Other,45,"Good but not outstanding. Would buy again if I'm in the area, but wouldn't go out of my way",,,
Tsim Sha Tsui,Crema,,3,Latte,Latte,31,It's like coffee-flavoured milk tbh...,milky;weak,cheap,
